City_ID,City,Country,Date,Lat,Lng,Max Temp,Humidity,Cloudiness,Wind Speed
0,Bethel,US,2022-05-21 04:47:33,41.3712,-73.414,63.91,93,100,3.44
1,Saldanha,ZA,2022-05-21 04:48:05,-33.0117,17.9442,41.05,79,12,7.05
2,Rikitea,PF,2022-05-21 04:47:24,-23.1203,-134.9692,74.28,76,19,7.11
3,Norman Wells,CA,2022-05-21 04:48:05,65.282,-126.8329,55.44,41,75,0.0
4,Jamestown,US,2022-05-21 04:48:06,42.097,-79.2353,75.52,84,0,9.22
5,Salalah,OM,2022-05-21 04:48:06,17.0151,54.0924,86.09,70,75,5.75
6,Tiksi,RU,2022-05-21 04:48:06,71.6872,128.8694,32.9,87,100,5.3
7,Carnarvon,AU,2022-05-21 04:48:07,-24.8667,113.6333,75.33,47,1,5.37
8,Moree,AU,2022-05-21 04:48:07,-29.4667,149.85,58.89,80,100,10.78
9,Vaini,TO,2022-05-21 04:48:07,-21.2,-175.2,77.16,78,75,5.75
10,Rio Cuarto,AR,2022-05-21 04:47:10,-33.1307,-64.3499,50.47,38,100,4.99
11,Port Elizabeth,ZA,2022-05-21 04:48:08,-33.918,25.5701,56.1,99,100,5.75
12,Hilo,US,2022-05-21 04:48:08,19.7297,-155.09,83.28,81,100,6.91
13,New Norfolk,AU,2022-05-21 04:48:08,-42.7826,147.0587,53.1,61,11,1.14
14,Bambous Virieux,MU,2022-05-21 04:48:09,-20.3428,57.7575,78.22,94,75,14.97
15,Tocopilla,CL,2022-05-21 04:48:09,-22.092,-70.1979,64.08,70,53,1.52
16,Te Anau,NZ,2022-05-21 04:48:10,-45.4167,167.7167,43.88,81,98,4.36
17,Souillac,MU,2022-05-21 04:48:10,-20.5167,57.5167,71.98,94,75,14.97
18,Udachnyy,RU,2022-05-21 04:48:10,66.4167,112.4,50.45,53,93,2.91
19,Tuatapere,NZ,2022-05-21 04:48:10,-46.1333,167.6833,45.34,82,99,20.6
20,Kapaa,US,2022-05-21 04:44:52,22.0752,-159.319,78.78,97,100,5.75
21,Thompson,CA,2022-05-21 04:48:11,55.7435,-97.8558,35.76,69,75,3.44
22,Busselton,AU,2022-05-21 04:46:10,-33.65,115.3333,71.22,51,3,6.46
23,Selma,US,2022-05-21 04:48:11,36.5708,-119.6121,73.45,35,1,4.34
24,Ponta Do Sol,PT,2022-05-21 04:48:12,32.6667,-17.1,64.71,81,4,3.24
25,Narsaq,GL,2022-05-21 04:48:12,60.9167,-46.05,37.62,72,7,1.14
26,Mataura,NZ,2022-05-21 04:48:12,-46.1927,168.8643,41.59,90,100,13.96
27,Tasiilaq,GL,2022-05-21 04:48:13,65.6145,-37.6368,33.96,77,11,5.44
28,Ushuaia,AR,2022-05-21 04:43:33,-54.8,-68.3,44.26,76,100,3.44
29,Altay,CN,2022-05-21 04:48:13,47.8667,88.1167,77.94,23,1,4.21
30,Olinda,BR,2022-05-21 04:47:13,-8.0089,-34.8553,74.93,88,40,4.61
31,Tuktoyaktuk,CA,2022-05-21 04:48:13,69.4541,-133.0374,32.0,100,100,6.91
32,Alibag,IN,2022-05-21 04:48:14,18.6411,72.8792,87.87,64,85,12.03
33,Lichinga,MZ,2022-05-21 04:48:14,-13.3128,35.2406,59.09,94,20,10.36
34,Atuona,PF,2022-05-21 04:48:14,-9.8,-139.0333,77.72,68,0,9.31
35,Arraial Do Cabo,BR,2022-05-21 04:48:15,-22.9661,-42.0278,67.33,76,54,11.07
36,Liseleje,DK,2022-05-21 04:48:15,56.0053,11.9483,51.89,81,100,8.99
37,Port Hardy,CA,2022-05-21 04:48:15,50.6996,-127.4199,51.98,76,20,2.3
38,Castro,BR,2022-05-21 04:46:18,-24.7911,-50.0119,41.7,86,0,1.72
39,Saskylakh,RU,2022-05-21 04:48:16,71.9167,114.0833,33.06,100,91,8.3
40,Hermanus,ZA,2022-05-21 04:48:16,-34.4187,19.2345,55.78,74,47,4.59
41,Jaciara,BR,2022-05-21 04:48:16,-15.9653,-54.9683,50.99,67,32,2.06
42,Ullapool,GB,2022-05-21 04:48:17,57.8987,-5.1604,51.35,88,86,12.33
43,Natchez,US,2022-05-21 04:43:39,31.5604,-91.4032,79.02,73,0,11.5
44,Provideniya,RU,2022-05-21 04:48:17,64.3833,-173.3,47.08,58,49,8.86
45,Abu Dhabi,AE,2022-05-21 04:48:17,24.4667,54.3667,84.96,73,0,4.61
46,Mar Del Plata,AR,2022-05-21 04:48:45,-38.0023,-57.5575,55.94,64,0,5.75
47,East London,ZA,2022-05-21 04:49:18,-33.0153,27.9116,58.14,94,75,9.22
48,Bredasdorp,ZA,2022-05-21 04:47:34,-34.5322,20.0403,49.77,84,62,5.21
49,Chicama,PE,2022-05-21 04:49:18,-7.8447,-79.1469,61.34,86,57,4.76
50,Cape Town,ZA,2022-05-21 04:49:19,-33.9258,18.4232,53.91,90,75,5.75
51,Tambun,ID,2022-05-21 04:49:19,-6.2641,107.0712,87.49,82,100,4.61
52,Ribeira Grande,PT,2022-05-21 04:49:19,38.5167,-28.7,63.95,97,100,7.78
53,Yellowknife,CA,2022-05-21 04:49:19,62.456,-114.3525,52.32,37,75,5.75
54,Georgetown,MY,2022-05-21 04:47:21,5.4112,100.3354,91.33,74,20,8.05
55,Vadso,NO,2022-05-21 04:49:20,70.0744,29.7487,40.08,81,100,10.36
56,Lebu,CL,2022-05-21 04:49:20,-37.6167,-73.65,49.55,91,67,6.69
57,Vanavara,RU,2022-05-21 04:49:21,60.34,102.2797,68.32,32,13,7.45
58,Severo-Kurilsk,RU,2022-05-21 04:49:21,50.6789,156.125,42.48,92,100,12.44
59,Blyznyuky,UA,2022-05-21 04:49:21,48.8578,36.5551,58.33,77,99,12.33
60,Qaanaaq,GL,2022-05-21 04:46:11,77.484,-69.3632,13.06,84,98,5.08
61,Puerto Ayora,EC,2022-05-21 04:49:22,-0.7393,-90.3518,72.55,96,21,1.99
62,Takoradi,GH,2022-05-21 04:49:22,4.8845,-1.7554,76.12,94,100,8.52
63,Ramshir,IR,2022-05-21 04:49:22,30.8946,49.4092,89.46,10,0,16.04
64,Aquiraz,BR,2022-05-21 04:49:23,-3.9014,-38.3911,80.69,87,43,1.99
65,Byron Bay,AU,2022-05-21 04:49:23,-28.65,153.6167,60.71,84,100,13.6
66,Balkanabat,TM,2022-05-21 04:47:53,39.5108,54.3671,64.72,47,96,14.18
67,Punta Arenas,CL,2022-05-21 04:49:23,-53.15,-70.9167,39.31,93,100,11.5
68,Alanya,TR,2022-05-21 04:49:24,36.5438,31.9998,62.73,43,0,1.52
69,Paramonga,PE,2022-05-21 04:49:24,-10.6667,-77.8333,64.47,92,85,7.45
70,Popondetta,PG,2022-05-21 04:49:24,-8.7537,148.2534,87.21,57,23,6.31
71,Airai,TL,2022-05-21 04:46:13,-8.9266,125.4092,75.33,48,73,5.44
72,Hobart,AU,2022-05-21 04:45:26,-42.8794,147.3294,53.46,75,20,3.44
73,Fortuna,US,2022-05-21 04:49:25,40.5982,-124.1573,50.94,87,100,8.05
74,Igdir,TR,2022-05-21 04:49:25,39.9237,44.045,51.73,50,20,10.36
75,Kununurra,AU,2022-05-21 04:46:22,-15.7667,128.7333,93.18,27,0,13.8
76,Torbay,CA,2022-05-21 04:49:25,47.6666,-52.7314,40.39,80,0,8.01
77,Pevek,RU,2022-05-21 04:49:26,69.7008,170.3133,33.39,99,91,6.42
78,Presidente Medici,BR,2022-05-21 04:49:26,-11.1753,-61.9014,61.38,72,35,0.2
79,Saint Anthony,US,2022-05-21 04:45:17,45.0205,-93.218,49.62,69,40,20.71
80,Marapanim,BR,2022-05-21 04:49:27,-0.7175,-47.6997,72.81,97,98,3.65
81,Samarai,PG,2022-05-21 04:49:27,-10.6167,150.6667,82.89,73,24,8.46
82,Albany,US,2022-05-21 04:44:31,42.6001,-73.9662,66.63,85,100,1.01
83,Mahebourg,MU,2022-05-21 04:49:27,-20.4081,57.7,78.26,94,75,14.97
84,Bluff,NZ,2022-05-21 04:49:28,-46.6,168.3333,45.12,77,93,31.97
85,Challans,FR,2022-05-21 04:49:28,46.8436,-1.8749,52.0,89,53,7.47
86,Chokurdakh,RU,2022-05-21 04:49:28,70.6333,147.9167,34.84,100,93,4.65
87,Ahipara,NZ,2022-05-21 04:49:29,-35.1667,173.1667,60.28,65,99,14.85
88,Antalaha,MG,2022-05-21 04:49:29,-14.9003,50.2788,76.39,70,32,10.45
89,Maceio,BR,2022-05-21 04:49:29,-9.6658,-35.7353,74.64,94,75,3.44
90,French Harbor,HN,2022-05-21 04:49:29,16.35,-86.4333,84.2,85,75,16.11
91,Southbridge,US,2022-05-21 04:49:30,42.0751,-72.0334,62.85,97,100,1.99
92,Hithadhoo,MV,2022-05-21 04:49:30,-0.6,73.0833,83.07,71,44,8.61
93,Hof,DE,2022-05-21 04:50:30,50.3167,11.9167,54.75,71,40,13.8
94,Lompoc,US,2022-05-21 04:50:31,34.6391,-120.4579,56.01,82,0,3.0
95,Kaitangata,NZ,2022-05-21 04:50:31,-46.2817,169.8464,43.02,81,82,21.79
96,Esperance,AU,2022-05-21 04:50:31,-33.8667,121.9,70.9,51,30,3.74
97,Namibe,AO,2022-05-21 04:50:32,-15.1961,12.1522,64.96,64,49,1.57
98,Mabaruma,GY,2022-05-21 04:50:32,8.2,-59.7833,75.18,81,47,5.06
99,Bengkulu,ID,2022-05-21 04:50:32,-3.8004,102.2655,85.19,63,46,6.26
100,Tunduma,TZ,2022-05-21 04:50:33,-9.3,32.7667,57.13,86,86,2.15
101,Kieta,PG,2022-05-21 04:50:33,-6.2167,155.6333,82.4,76,13,4.25
102,Roi Et,TH,2022-05-21 04:50:33,15.75,103.75,91.24,62,100,13.42
103,Aklavik,CA,2022-05-21 04:50:34,68.2191,-135.0107,37.42,93,94,12.68
104,Sao Filipe,CV,2022-05-21 04:50:34,14.8961,-24.4956,71.47,77,91,9.17
105,Yaring,TH,2022-05-21 04:50:34,6.8662,101.3689,89.67,61,88,12.3
106,Alofi,NU,2022-05-21 04:50:34,-19.0595,-169.9187,80.49,83,22,6.91
107,Ancud,CL,2022-05-21 04:50:35,-41.8697,-73.8203,52.05,91,100,18.75
108,Berlevag,NO,2022-05-21 04:50:35,70.8578,29.0864,40.95,70,100,17.27
109,Iqaluit,CA,2022-05-21 04:47:24,63.7506,-68.5145,28.13,86,100,12.66
110,Nanortalik,GL,2022-05-21 04:50:35,60.1432,-45.2371,37.08,84,12,6.42
111,Sitka,US,2022-05-21 04:50:36,57.0531,-135.33,55.29,71,0,0.0
112,Healdsburg,US,2022-05-21 04:50:36,38.6105,-122.8692,66.69,51,0,0.0
113,Kurmanayevka,RU,2022-05-21 04:50:36,52.5093,52.0675,43.2,79,66,17.92
114,Merced,US,2022-05-21 04:50:37,37.1666,-120.7516,73.63,36,1,10.94
115,Pout,SN,2022-05-21 04:50:37,14.7739,-17.0603,70.56,100,75,4.61
116,Port Macquarie,AU,2022-05-21 04:50:37,-31.4333,152.9167,65.1,71,100,7.85
117,Avarua,CK,2022-05-21 04:47:37,-21.2078,-159.775,78.85,69,75,4.61
118,Kloulklubed,PW,2022-05-21 04:50:38,7.0419,134.2556,83.28,74,95,8.52
119,Maku,IR,2022-05-21 04:50:38,39.2911,44.4521,50.25,41,0,3.74
120,Keti Bandar,PK,2022-05-21 04:50:38,24.1447,67.4497,84.97,75,43,20.2
121,Oranjestad,AW,2022-05-21 04:50:39,12.524,-70.027,80.55,83,40,20.71
122,Sao Joao Da Barra,BR,2022-05-21 04:50:39,-21.6403,-41.0511,61.47,86,0,8.86
123,Severodvinsk,RU,2022-05-21 04:50:39,64.5635,39.8302,33.91,57,11,10.38
124,Necochea,AR,2022-05-21 04:50:40,-38.5473,-58.7368,51.62,57,100,8.9
125,Zlotow,PL,2022-05-21 04:50:40,53.3635,17.0408,53.37,84,93,23.91
126,Cidreira,BR,2022-05-21 04:50:41,-30.1811,-50.2056,52.7,85,4,5.55
127,Decatur,US,2022-05-21 04:48:16,39.8403,-88.9548,80.65,69,100,16.11
128,Sakakah,SA,2022-05-21 04:50:41,29.9697,40.2064,76.57,22,0,19.22
129,Sehithwa,BW,2022-05-21 04:50:41,-20.4667,22.7167,42.03,53,0,5.06
130,Kahului,US,2022-05-21 04:47:08,20.8947,-156.47,86.02,51,40,5.75
131,Islampur,IN,2022-05-21 04:50:42,26.2667,88.2,85.42,64,5,13.4
132,Dikson,RU,2022-05-21 04:50:42,73.5069,80.5464,29.89,86,62,10.65
133,Malanje,AO,2022-05-21 04:50:42,-9.5402,16.341,58.37,96,1,1.86
134,Puerto Escondido,MX,2022-05-21 04:46:17,15.85,-97.0667,80.13,70,39,6.69
135,Placido De Castro,BR,2022-05-21 04:50:43,-10.3353,-67.1856,65.71,76,68,0.94
136,Codrington,AU,2022-05-21 04:50:43,-38.2667,141.9667,58.53,60,5,9.98
137,Santa Rosa,PH,2022-05-21 04:50:43,14.3122,121.1114,88.11,65,78,6.13
138,Port Lincoln,AU,2022-05-21 04:51:44,-34.7333,135.8667,60.48,62,0,12.82
139,Caceres,ES,2022-05-21 04:51:44,39.522,-6.3748,70.48,39,100,8.41
140,Camacha,PT,2022-05-21 04:51:44,33.0833,-16.3333,62.02,77,40,12.66
141,Abu Samrah,SY,2022-05-21 04:51:45,35.3029,37.1841,68.34,24,0,9.08
142,Rio Grande,BR,2022-05-21 04:51:45,-32.035,-52.0986,51.12,84,6,7.87
143,Nikolskoye,RU,2022-05-21 04:51:45,59.7035,30.7861,49.87,52,39,5.66
144,Leningradskiy,RU,2022-05-21 04:51:46,69.3833,178.4167,33.53,96,91,9.42
145,Port Alfred,ZA,2022-05-21 04:51:46,-33.5906,26.891,55.18,95,100,4.34
146,Quijingue,BR,2022-05-21 04:51:46,-10.7525,-39.2092,67.89,77,100,2.8
147,Novyye Burasy,RU,2022-05-21 04:51:47,52.1324,46.0714,44.06,58,1,15.46
148,Boueni,YT,2022-05-21 04:51:47,-12.9025,45.0761,80.58,72,51,11.88
149,Rawson,AR,2022-05-21 04:50:49,-43.3002,-65.1023,53.47,54,1,11.88
150,Puro,PH,2022-05-21 04:51:47,12.4841,123.3827,85.57,68,99,5.01
151,Nome,US,2022-05-21 04:51:48,64.5011,-165.4064,65.16,34,0,16.11
152,Marzuq,YE,2022-05-21 04:51:48,14.4,46.4667,85.89,15,37,1.79
153,Barrow,US,2022-05-21 04:51:48,71.2906,-156.7887,30.22,86,100,11.5
154,Faanui,PF,2022-05-21 04:51:49,-16.4833,-151.75,80.31,72,19,8.88
155,Storsteinnes,NO,2022-05-21 04:51:49,69.2408,19.2344,41.65,93,100,3.04
156,Santa Fe,AR,2022-05-21 04:49:54,-31.6333,-60.7,56.01,84,38,4.0
157,Bell Ville,AR,2022-05-21 04:51:49,-32.6259,-62.6887,50.67,55,99,5.48
158,Chuy,UY,2022-05-21 04:51:09,-33.6971,-53.4616,46.94,89,42,6.6
159,Fairbanks,US,2022-05-21 04:50:02,64.8378,-147.7164,73.6,29,0,0.0
160,Opuwo,NA,2022-05-21 04:51:50,-18.0607,13.84,49.35,27,0,7.14
161,Hasaki,JP,2022-05-21 04:51:50,35.7333,140.8333,70.2,68,100,11.59
162,Clyde River,CA,2022-05-21 04:51:51,70.4692,-68.5914,21.43,86,100,4.61
163,Marmande,FR,2022-05-21 04:50:42,44.5,0.1667,59.31,92,63,3.27
164,Khasan,RU,2022-05-21 04:51:51,42.4308,130.6434,59.65,78,60,4.92
165,Lavrentiya,RU,2022-05-21 04:51:51,65.5833,-171.0,36.21,87,50,7.65
166,La Palma,US,2022-05-21 04:51:52,33.8464,-118.0467,64.81,81,100,4.61
167,Tshikapa,CD,2022-05-21 04:51:52,-6.4167,20.8,72.37,82,100,1.48
168,Longyearbyen,SJ,2022-05-21 04:51:52,78.2186,15.6401,35.44,75,75,9.22
169,Auki,SB,2022-05-21 04:51:53,-8.7676,160.7034,81.46,81,97,3.51
170,Tripoli,LY,2022-05-21 04:51:53,32.8752,13.1875,63.19,59,0,7.45
171,Cap Malheureux,MU,2022-05-21 04:51:53,-19.9842,57.6142,78.48,68,54,7.0
172,Guye,CN,2022-05-21 04:51:54,39.7333,118.4167,94.64,15,0,15.08
173,Cobija,BO,2022-05-21 04:51:54,-11.0267,-68.7692,65.16,80,76,1.79
174,Bowen,AU,2022-05-21 04:51:54,-20.0167,148.2333,77.27,71,35,8.79
175,Bud,US,2022-05-21 04:51:54,39.447,-86.1758,78.75,74,20,13.42
176,Itaituba,BR,2022-05-21 04:51:55,-4.2761,-55.9836,69.82,93,60,0.18
177,Dali,CN,2022-05-21 04:51:55,25.7,100.1833,74.61,49,71,2.95
178,Cortes,ES,2022-05-21 04:51:55,41.9395,-1.4396,65.48,48,88,6.71
179,Burns Lake,CA,2022-05-21 04:51:56,54.2331,-125.7533,47.62,93,75,3.4
180,Lenggries,DE,2022-05-21 04:51:56,47.6833,11.5667,60.13,98,100,4.32
181,Novo Aripuana,BR,2022-05-21 04:52:56,-5.1206,-60.3797,68.74,84,61,0.87
182,Meulaboh,ID,2022-05-21 04:52:57,4.1363,96.1285,85.24,68,100,4.79
183,Praya,CV,2022-05-21 04:50:10,14.9215,-23.5087,70.34,73,20,14.97
184,Jaen,ES,2022-05-21 04:52:57,38.0,-3.5,76.26,30,97,9.91
185,Sernur,RU,2022-05-21 04:52:58,56.9333,49.1536,35.17,92,99,12.1
186,Northam,GB,2022-05-21 04:52:58,51.0333,-4.2167,51.66,94,96,6.96
187,Dembi Dolo,ET,2022-05-21 04:52:58,8.5333,34.8,63.43,83,60,1.66
188,Vardo,NO,2022-05-21 04:52:59,70.3705,31.1107,35.58,87,100,20.71
189,Cabo San Lucas,MX,2022-05-21 04:52:59,22.8909,-109.9124,72.61,71,2,5.99
190,Zyryanka,RU,2022-05-21 04:52:59,65.75,150.85,57.06,34,98,15.35
191,Flinders,AU,2022-05-21 04:52:59,-34.5833,150.8552,63.25,84,82,7.0
192,Havelock,US,2022-05-21 04:53:00,34.8791,-76.9013,78.78,95,17,10.0
193,Rabo De Peixe,PT,2022-05-21 04:53:00,37.8,-25.5833,65.28,88,75,5.75
194,Beboto,TD,2022-05-21 04:53:01,8.2668,16.939,72.12,83,100,3.96
195,Sioux Falls,US,2022-05-21 04:53:01,43.55,-96.7003,48.06,67,75,16.11
196,Tukrah,LY,2022-05-21 04:53:01,32.5341,20.5791,64.58,74,1,9.8
197,Gornopravdinsk,RU,2022-05-21 04:53:02,60.05,69.9,42.89,67,95,10.0
198,Abonnema,NG,2022-05-21 04:53:02,4.7084,6.7931,77.11,90,100,5.01
199,Margate,GB,2022-05-21 04:53:03,51.3813,1.3862,52.3,89,79,3.0
200,Angoche,MZ,2022-05-21 04:53:03,-16.2325,39.9086,73.18,86,25,4.36
201,Bulqize,AL,2022-05-21 04:53:04,41.4917,20.2219,46.72,61,6,3.18
202,Cherskiy,RU,2022-05-21 04:53:04,68.75,161.3,58.86,36,48,13.18
203,Noumea,NC,2022-05-21 04:52:55,-22.2763,166.4572,78.01,99,99,19.13
204,Ixtapa,MX,2022-05-21 04:53:04,20.7,-105.2,70.2,77,1,2.01
205,Talnakh,RU,2022-05-21 04:50:09,69.4865,88.3972,43.21,92,97,7.94
206,Araouane,ML,2022-05-21 04:53:05,18.9048,-3.5265,86.85,15,53,8.63
207,Kalpi,IN,2022-05-21 04:53:05,26.1167,79.7333,105.75,14,79,6.96
208,Vila Franca Do Campo,PT,2022-05-21 04:53:06,37.7167,-25.4333,66.2,90,100,4.81
209,Pacifica,US,2022-05-21 04:48:25,37.6138,-122.4869,63.68,73,20,18.41
210,Khandbari,NP,2022-05-21 04:53:06,27.3747,87.2039,79.0,52,83,3.29
211,Lagoa,PT,2022-05-21 04:53:07,39.05,-27.9833,62.04,97,100,10.56
212,Nouadhibou,MR,2022-05-21 04:53:07,20.931,-17.0347,66.18,94,23,17.27
213,Solnechnyy,RU,2022-05-21 04:53:07,50.7214,136.6319,44.26,96,100,5.86
214,Vila Velha,BR,2022-05-21 04:53:08,-20.3297,-40.2925,62.55,88,20,4.61
215,Taoudenni,ML,2022-05-21 04:53:08,22.6783,-3.9836,87.67,10,8,10.67
216,Mayo,US,2022-05-21 04:53:09,38.8876,-76.5119,84.61,67,0,6.91
217,Pisco,PE,2022-05-21 04:53:09,-13.7,-76.2167,64.02,88,20,2.3
218,Katsuura,JP,2022-05-21 04:53:10,35.1333,140.3,64.08,80,100,7.47
219,Green Valley,US,2022-05-21 04:53:03,31.8543,-110.9937,79.75,35,0,17.45
220,Leeton,AU,2022-05-21 04:53:11,-34.5667,146.4,66.88,46,99,11.3
221,Dingle,PH,2022-05-21 04:53:11,10.9995,122.6711,83.79,71,96,6.33
222,Hambantota,LK,2022-05-21 04:53:12,6.1241,81.1185,86.34,79,40,14.97
223,Qasigiannguit,GL,2022-05-21 04:53:12,68.8193,-51.1922,26.1,79,100,5.68
224,Namatanai,PG,2022-05-21 04:53:13,-3.6667,152.4333,84.58,69,54,8.5
225,Jumla,NP,2022-05-21 04:53:13,29.2747,82.1838,72.28,28,3,6.8
226,Benguela,AO,2022-05-21 04:53:14,-12.5763,13.4055,68.05,77,53,5.91
227,Touros,BR,2022-05-21 04:54:14,-5.1989,-35.4608,75.92,90,85,7.52
228,Richards Bay,ZA,2022-05-21 04:54:15,-28.783,32.0377,65.25,89,99,9.15
229,Diego De Almagro,CL,2022-05-21 04:54:15,-26.3667,-70.05,56.88,40,49,1.9
230,Acapulco,MX,2022-05-21 04:49:44,16.8634,-99.8901,78.21,70,84,5.73
231,Bone,DE,2022-05-21 04:54:16,51.9669,12.1396,56.28,76,78,14.38
232,Butaritari,KI,2022-05-21 04:54:18,3.0707,172.7902,81.64,72,42,9.48
233,Port-Gentil,GA,2022-05-21 04:54:18,-0.7193,8.7815,77.49,86,100,11.63
234,The Valley,AI,2022-05-21 04:54:19,18.217,-63.0578,80.46,77,28,16.6
235,Erenhot,CN,2022-05-21 04:53:12,43.6475,111.9767,83.64,11,52,7.74
236,Marrakesh,MA,2022-05-21 04:53:51,31.6315,-8.0083,66.27,77,40,6.91
237,Sozimskiy,RU,2022-05-21 04:54:19,59.7418,52.2482,35.4,98,100,7.23
238,Bend,US,2022-05-21 04:50:03,44.0582,-121.3153,47.86,63,0,6.91
239,Zdvinsk,RU,2022-05-21 04:54:20,54.7021,78.661,70.14,42,98,11.07
240,Laguna,US,2022-05-21 04:52:35,38.421,-121.4238,75.49,21,0,12.66
241,Alvand,IR,2022-05-21 04:54:20,36.3187,49.1678,43.0,82,77,8.37
242,Ketchikan,US,2022-05-21 04:54:21,55.3422,-131.6461,60.78,61,8,3.98
243,Vadlapudi,IN,2022-05-21 04:54:21,14.3167,79.8,93.31,42,65,18.7
244,San Jose,US,2022-05-21 04:53:10,37.3394,-121.895,62.58,50,0,0.0
245,Gabu,GW,2022-05-21 04:54:22,12.2833,-14.2167,74.61,86,25,7.27
246,Cabedelo,BR,2022-05-21 04:54:22,-6.9811,-34.8339,75.87,87,80,8.93
247,Kendari,ID,2022-05-21 04:54:22,-3.945,122.4989,85.84,65,66,5.73
248,Krasnyy Chikoy,RU,2022-05-21 04:54:23,50.3643,108.7512,82.06,20,6,2.15
249,Butembo,CD,2022-05-21 04:54:23,0.15,29.2833,59.25,92,100,1.77
250,Vacaria,BR,2022-05-21 04:54:23,-28.5122,-50.9339,38.25,91,0,4.23
251,Coihueco,CL,2022-05-21 04:53:25,-36.6167,-71.8333,38.14,100,5,0.0
252,Buala,SB,2022-05-21 04:54:24,-8.145,159.5921,83.34,69,75,3.74
253,Zeya,RU,2022-05-21 04:54:24,53.75,127.2667,60.19,41,89,6.4
254,Kharp,RU,2022-05-21 04:54:25,66.8014,65.8081,42.08,48,100,8.9
255,Ugoofaaru,MV,2022-05-21 04:54:25,5.6667,73.0,83.48,76,49,15.9
256,Kaeo,NZ,2022-05-21 04:50:09,-35.1,173.7833,60.33,72,76,10.18
257,Gryazi,RU,2022-05-21 04:54:25,52.4966,39.9359,47.43,53,100,6.76
258,Dubbo,AU,2022-05-21 04:53:44,-32.25,148.6167,66.33,52,40,17.27
259,Chernihiv,UA,2022-05-21 04:54:26,51.0,32.0,61.02,91,100,12.03
260,Cockburn Town,TC,2022-05-21 04:54:26,21.4612,-71.1419,79.75,82,67,16.84
261,Avera,US,2022-05-21 04:54:26,33.194,-82.5271,78.55,61,83,11.72
262,Tambacounda,SN,2022-05-21 04:54:27,13.7539,-13.7586,86.05,58,0,11.5
263,Asau,RO,2022-05-21 04:54:27,46.4333,26.4,58.28,61,12,6.69
264,Tricase,IT,2022-05-21 04:54:27,39.9304,18.3553,58.32,52,10,9.71
265,Sao Gabriel Da Cachoeira,BR,2022-05-21 04:54:27,-0.1303,-67.0892,68.27,99,88,0.69
266,East Foothills,US,2022-05-21 04:54:28,37.3811,-121.8175,61.57,48,4,1.9
267,Starobaltachevo,RU,2022-05-21 04:54:28,56.0013,55.9213,44.53,74,100,10.31
268,Gewane,ET,2022-05-21 04:54:28,10.1664,40.6453,89.17,17,92,1.45
269,Broome,US,2022-05-21 04:54:29,42.2506,-75.833,67.62,85,99,5.01
270,Sinnamary,GF,2022-05-21 04:54:29,5.3833,-52.95,74.62,93,100,10.42
271,Tahoua,NE,2022-05-21 04:54:29,14.8888,5.2692,86.83,29,88,8.5
272,Boyabat,TR,2022-05-21 04:54:30,41.4689,34.7667,56.1,66,0,1.86
273,Sur,OM,2022-05-21 04:55:30,22.5667,59.5289,96.49,38,3,3.13
274,Isangel,VU,2022-05-21 04:52:47,-19.55,169.2667,79.38,85,17,20.36
275,Panguna,PG,2022-05-21 04:55:30,-6.3164,155.4848,76.59,79,37,2.24
276,Sidi Ali,DZ,2022-05-21 04:55:31,36.0998,0.4206,74.25,39,16,4.61
277,Guerrero Negro,MX,2022-05-21 04:55:31,27.9769,-114.0611,62.71,80,0,10.78
278,Gizo,SB,2022-05-21 04:55:31,-8.103,156.8419,84.38,69,5,9.4
279,Tarakan,ID,2022-05-21 04:55:05,3.3,117.6333,80.1,83,40,6.91
280,Santa Helena De Goias,BR,2022-05-21 04:55:32,-17.8136,-50.5969,51.06,57,0,3.24
281,Saint-Philippe,RE,2022-05-21 04:55:32,-21.3585,55.7679,76.59,82,38,13.56
282,Cam Ranh,VN,2022-05-21 04:55:32,11.9214,109.1591,91.36,55,20,9.22
283,Mount Gambier,AU,2022-05-21 04:55:33,-37.8333,140.7667,60.55,46,6,6.17
284,Aranos,NA,2022-05-21 04:55:33,-24.1333,19.1167,37.17,74,0,14.0
285,Plettenberg Bay,ZA,2022-05-21 04:55:33,-34.0527,23.3716,53.62,83,50,6.71
286,San Fernando,PH,2022-05-21 04:55:34,15.0286,120.6898,89.33,64,81,7.96
287,San Carlos De Bariloche,AR,2022-05-21 04:55:34,-41.1456,-71.3082,45.25,70,40,25.32
288,Ishikari,JP,2022-05-21 04:55:34,43.2397,141.3539,72.27,49,75,20.71
289,Miracatu,BR,2022-05-21 04:55:34,-24.2814,-47.4597,52.34,95,4,1.99
290,Newport,GB,2022-05-21 04:53:24,51.5877,-2.9984,54.14,88,100,8.16
291,Mumford,GH,2022-05-21 04:55:35,5.2618,-0.759,77.63,87,95,9.37
292,Bathsheba,BB,2022-05-21 04:55:35,13.2167,-59.5167,81.21,74,20,16.11
293,Walvis Bay,NA,2022-05-21 04:55:35,-22.9575,14.5053,47.35,71,0,3.44
294,Mocuba,MZ,2022-05-21 04:55:36,-16.8392,36.9856,69.19,89,11,4.36
295,Vredendal,ZA,2022-05-21 04:55:36,-31.6683,18.5012,48.22,83,1,2.8
296,Odweyne,SO,2022-05-21 04:55:37,9.4092,45.064,77.47,54,99,16.17
297,Sola,VU,2022-05-21 04:55:37,-13.8833,167.55,81.46,77,72,11.52
298,Ust-Maya,RU,2022-05-21 04:55:37,60.4167,134.5333,49.37,45,99,8.46
299,Barra Do Garcas,BR,2022-05-21 04:55:37,-15.89,-52.2567,51.62,56,26,1.43
300,Acuexcomac,MX,2022-05-21 04:55:38,19.0333,-98.3833,66.72,54,81,2.1
301,Yulara,AU,2022-05-21 04:55:38,-25.2406,130.9889,72.61,32,62,10.51
302,Manokwari,ID,2022-05-21 04:55:38,-0.8667,134.0833,81.95,78,47,3.51
303,Shenkursk,RU,2022-05-21 04:55:39,62.1091,42.896,37.56,55,100,8.37
304,Lorengau,PG,2022-05-21 04:55:39,-2.0226,147.2712,82.83,80,100,7.65
305,Pochutla,MX,2022-05-21 04:55:39,15.7432,-96.4661,77.83,72,22,4.09
306,Siocon,PH,2022-05-21 04:55:40,7.7061,122.1353,82.9,79,96,3.74
307,Bolshaya Dzhalga,RU,2022-05-21 04:55:40,45.9695,42.6966,55.22,81,99,17.72
308,Kruisfontein,ZA,2022-05-21 04:55:40,-34.0033,24.7314,53.89,88,91,8.63
309,Elko,US,2022-05-21 04:55:41,41.0002,-115.5012,46.42,35,7,7.0
310,Aras,ES,2022-05-21 04:55:41,42.5617,-2.356,54.01,82,0,6.91
311,Meshcherino,RU,2022-05-21 04:55:41,55.1957,38.36,46.85,64,100,5.68
312,Makat,KZ,2022-05-21 04:55:41,47.6469,53.3463,52.16,73,97,19.15
313,Kavaratti,IN,2022-05-21 04:55:42,10.5669,72.642,83.48,76,78,17.16
314,Pangody,RU,2022-05-21 04:52:43,65.85,74.4859,36.0,96,100,11.36
315,Oistins,BB,2022-05-21 04:55:42,13.0667,-59.5333,80.69,74,20,16.11
316,Constitucion,CL,2022-05-21 04:55:42,-35.3333,-72.4167,50.68,85,4,7.14
317,Korla,CN,2022-05-21 04:55:43,41.7597,86.1469,84.99,11,55,20.13
318,Vostok,RU,2022-05-21 04:55:43,46.4856,135.8833,54.54,93,93,1.92
319,Santa Isabel Do Rio Negro,BR,2022-05-21 04:56:44,-0.4139,-65.0192,70.12,98,100,2.1
320,Schladming,AT,2022-05-21 04:56:44,47.3929,13.687,58.53,100,99,5.01
321,Dandong,CN,2022-05-21 04:56:44,40.1292,124.3947,73.78,51,7,11.23
322,Nuuk,GL,2022-05-21 04:56:44,64.1835,-51.7216,34.68,79,100,4.36
323,Bontang,ID,2022-05-21 04:56:45,0.1333,117.5,80.76,83,100,2.98
324,San Isidro,PE,2022-05-21 04:56:45,-12.1167,-77.05,64.02,84,40,10.36
325,Anadyr,RU,2022-05-21 04:56:45,64.75,177.4833,37.9,86,0,4.47
326,San Andres,CO,2022-05-21 04:56:46,12.5847,-81.7006,77.02,94,75,5.75
327,Ust-Tarka,RU,2022-05-21 04:56:46,55.5672,75.705,61.02,55,86,13.62
328,Aswan,EG,2022-05-21 04:56:46,24.0934,32.907,78.1,18,0,13.8
329,Upernavik,GL,2022-05-21 04:55:20,72.7868,-56.1549,12.22,99,89,7.45
330,Boca Do Acre,BR,2022-05-21 04:56:47,-8.7522,-67.3978,66.7,81,88,0.51
331,Nemuro,JP,2022-05-21 04:56:47,43.3236,145.575,50.97,83,25,9.93
332,Coquimbo,CL,2022-05-21 04:56:48,-29.9533,-71.3436,56.93,82,20,5.75
333,Huntsville,US,2022-05-21 04:55:54,34.7304,-86.5861,77.79,74,0,9.22
334,Neman,RU,2022-05-21 04:56:48,55.0311,22.0264,52.11,89,100,3.69
335,Alta,NO,2022-05-21 04:56:48,69.9689,23.2717,42.19,72,75,0.0
336,Kodiak,US,2022-05-21 04:56:49,57.79,-152.4072,44.69,84,100,19.82
337,Rovaniemi,FI,2022-05-21 04:56:49,66.5,25.7167,45.81,61,0,4.61
338,Harper,LR,2022-05-21 04:56:49,4.375,-7.7169,77.41,88,100,8.08
339,Grafton,US,2022-05-21 04:56:50,42.207,-71.6856,61.5,94,100,1.01
340,Phalodi,IN,2022-05-21 04:56:50,27.1333,72.3667,99.59,21,0,21.16
341,Pudem,RU,2022-05-21 04:56:50,58.3044,52.1675,37.63,84,99,8.72
342,Pacific Grove,US,2022-05-21 04:56:50,36.6177,-121.9166,58.21,75,2,3.0
343,Ambulu,ID,2022-05-21 04:56:51,-8.345,113.6058,83.5,77,93,4.43
344,Yining,CN,2022-05-21 04:56:51,29.0361,114.5636,78.06,59,99,1.99
345,Luderitz,NA,2022-05-21 04:56:51,-26.6481,15.1594,50.67,72,0,12.44
346,Chitrakonda,IN,2022-05-21 04:56:52,18.1167,82.0833,93.79,46,86,5.73
347,Vallenar,CL,2022-05-21 04:56:52,-28.5708,-70.7581,59.65,43,79,0.87
348,Aykhal,RU,2022-05-21 04:56:52,66.0,111.5,42.89,73,77,4.76
349,Bonthe,SL,2022-05-21 04:56:53,7.5264,-12.505,77.27,89,100,5.95
350,Soe,ID,2022-05-21 04:56:53,-9.8607,124.284,82.11,45,18,10.89
351,San Vicente,AR,2022-05-21 04:56:53,-26.6167,-54.1333,41.76,98,0,2.13
352,Ilhabela,BR,2022-05-21 04:52:49,-23.7781,-45.3581,60.98,83,4,3.06
353,Sao Jose Da Coroa Grande,BR,2022-05-21 04:56:54,-8.8978,-35.1478,75.07,91,83,4.88
354,Piedras,CO,2022-05-21 04:56:54,4.5383,-74.8818,73.63,83,91,1.5
355,Kargasok,RU,2022-05-21 04:56:54,59.0556,80.8572,55.92,38,58,16.53
356,Stornoway,GB,2022-05-21 04:56:55,58.2093,-6.3865,49.96,89,100,6.91
357,Muravlenko,RU,2022-05-21 04:56:55,63.7898,74.523,39.78,76,100,9.66
358,Katherine,AU,2022-05-21 04:56:55,-14.4667,132.2667,93.52,29,0,11.5
359,Divnomorskoye,RU,2022-05-21 04:56:56,44.5011,38.1353,59.65,75,73,13.53
360,Garmsar,IR,2022-05-21 04:56:56,35.2182,52.3409,83.46,14,32,15.19
361,Flin Flon,CA,2022-05-21 04:56:13,54.7682,-101.865,33.48,64,80,6.44
362,Santa Cruz,BO,2022-05-21 04:54:42,-17.8,-63.1667,56.66,82,43,6.91
363,Kavieng,PG,2022-05-21 04:56:56,-2.5744,150.7967,84.69,70,51,9.78
364,Paka,MY,2022-05-21 04:56:57,4.6374,103.4368,87.73,74,40,4.61
365,Geraldton,AU,2022-05-21 04:56:57,-28.7667,114.6,77.41,38,0,5.75
366,Pitimbu,BR,2022-05-21 04:57:57,-7.4706,-34.8086,75.79,89,92,7.65
367,Hobyo,SO,2022-05-21 04:57:58,5.3505,48.5268,82.38,70,86,20.11
368,Los Llanos De Aridane,ES,2022-05-21 04:57:58,28.6585,-17.9182,64.15,86,40,9.22
369,Bilibino,RU,2022-05-21 04:57:58,68.0546,166.4372,43.79,78,100,3.27
370,Imeni Poliny Osipenko,RU,2022-05-21 04:57:59,52.4201,136.4853,45.43,87,100,11.3
371,Saint George,US,2022-05-21 04:56:16,37.1041,-113.5841,60.8,16,1,8.63
372,Homer,US,2022-05-21 04:57:59,59.6425,-151.5483,54.77,45,100,6.35
373,Cooma,AU,2022-05-21 04:57:59,-36.2333,149.1333,55.04,49,95,3.85
374,Doha,QA,2022-05-21 04:58:00,25.2867,51.5333,100.38,17,0,14.97
375,Smithers,CA,2022-05-21 04:58:00,54.7804,-127.1743,52.12,43,75,5.75
376,Victoria,HK,2022-05-21 04:54:15,22.2855,114.1577,85.32,70,78,10.0
377,Kalianget,ID,2022-05-21 04:58:00,-7.05,113.9333,84.56,71,97,7.31
378,Finschhafen,PG,2022-05-21 04:58:01,-6.6024,147.8681,84.56,68,9,8.16
379,Tombouctou,ML,2022-05-21 04:58:01,20.0,-3.0,84.9,10,83,6.58
380,Luwuk,ID,2022-05-21 04:58:01,-0.9516,122.7875,75.38,91,99,4.99
381,Cullen,GB,2022-05-21 04:58:02,57.6904,-2.8182,51.89,79,37,11.99
382,Hamilton,US,2022-05-21 04:55:17,39.1834,-84.5333,78.24,71,0,1.01
383,Haines Junction,CA,2022-05-21 04:58:02,60.7522,-137.5108,58.95,31,31,8.05
384,Zabaykalsk,RU,2022-05-21 04:58:02,49.6333,117.3167,72.39,16,30,14.16
385,Kuching,MY,2022-05-21 04:58:03,1.55,110.3333,88.02,74,40,3.44
386,San Policarpo,PH,2022-05-21 04:58:03,12.1791,125.5072,83.84,76,100,11.9
387,Canton,CN,2022-05-21 04:58:03,23.1167,113.25,85.87,63,88,2.71
388,Tura,IN,2022-05-21 04:53:57,25.5198,90.2201,81.95,78,12,5.3
389,Mpika,ZM,2022-05-21 04:58:04,-11.8343,31.4529,59.2,88,99,3.96
390,Sibolga,ID,2022-05-21 04:57:12,1.7427,98.7792,86.0,68,88,4.88
391,Whitehorse,CA,2022-05-21 04:56:35,60.7161,-135.0538,57.97,35,75,2.3
392,Ust-Kuyga,RU,2022-05-21 04:58:04,70.0167,135.6,35.94,93,100,0.25
393,Jabinyanah,TN,2022-05-21 04:58:05,35.035,10.9081,60.6,75,5,4.65
394,Trinidad,BO,2022-05-21 04:54:42,-14.8333,-64.9,60.71,60,75,2.42
395,Klyuchi,RU,2022-05-21 04:58:05,52.2667,79.1667,80.8,24,29,10.47
396,Tecolutilla,MX,2022-05-21 04:58:05,18.2833,-93.3167,85.41,51,99,2.66
397,Fallon,US,2022-05-21 04:56:13,39.4735,-118.7774,49.91,16,0,9.4
398,Adre,TD,2022-05-21 04:58:06,13.4667,22.2,81.61,13,60,19.04
399,Dzaoudzi,YT,2022-05-21 04:58:06,-12.7887,45.2699,80.49,78,75,10.36
400,Ilulissat,GL,2022-05-21 04:58:06,69.2167,-51.1,26.74,79,100,5.53
401,Goma,CD,2022-05-21 04:58:07,-1.6792,29.2228,63.1,86,100,2.3
402,Soure,BR,2022-05-21 04:58:07,-0.7167,-48.5233,74.05,91,91,4.09
403,Macia,MZ,2022-05-21 04:58:07,-25.0269,33.0989,66.22,94,66,3.4
404,Otavi,NA,2022-05-21 04:58:08,-19.65,17.3333,38.34,37,0,13.44
405,Palauig,PH,2022-05-21 04:58:08,15.435,119.9045,84.52,71,80,7.11
406,Verkhoyansk,RU,2022-05-21 04:58:09,67.5447,133.385,48.67,48,20,2.86
407,Vila Do Maio,CV,2022-05-21 04:58:09,15.1333,-23.2167,70.59,84,75,14.74
408,Kindu,CD,2022-05-21 04:58:09,-2.95,25.95,70.05,98,100,2.24
409,Yertarskiy,RU,2022-05-21 04:58:10,56.7902,64.2995,41.31,93,100,10.78
410,Baruun-Urt,MN,2022-05-21 04:58:10,46.6806,113.2792,79.12,16,4,5.53
411,Kalmunai,LK,2022-05-21 04:59:10,7.4167,81.8167,89.71,56,13,3.4
412,Gao,ML,2022-05-21 04:59:11,16.6362,1.637,83.25,33,80,5.35
413,Riyadh,SA,2022-05-21 04:58:10,24.6877,46.7219,87.94,8,0,9.22
414,Rocha,UY,2022-05-21 04:59:11,-34.4833,-54.3333,45.75,88,48,6.17
415,Bikaner,IN,2022-05-21 04:59:11,28.0167,73.3,98.22,23,0,23.69
416,Zhangjiakou,CN,2022-05-21 04:59:12,40.81,114.8794,85.41,10,0,3.91
417,Bayir,TR,2022-05-21 04:59:12,37.2687,28.2167,52.32,47,1,1.95
418,Khatanga,RU,2022-05-21 04:59:12,71.9667,102.5,45.54,67,100,13.65
419,Phan Thiet,VN,2022-05-21 04:55:54,10.9333,108.1,88.18,63,100,8.46
420,Nelson Bay,AU,2022-05-21 04:55:04,-32.7167,152.15,64.0,93,91,1.01
421,Grindavik,IS,2022-05-21 04:59:13,63.8424,-22.4338,44.55,93,0,9.22
422,Bonavista,CA,2022-05-21 04:59:13,48.6499,-53.1147,40.73,78,0,5.48
423,Zhanaozen,KZ,2022-05-21 04:59:13,43.3,52.8,59.86,54,40,19.86
424,Kudahuvadhoo,MV,2022-05-21 04:59:14,2.6708,72.8944,83.5,75,58,10.33
425,Beyneu,KZ,2022-05-21 04:59:14,45.3167,55.2,59.36,50,91,23.29
426,Umtata,ZA,2022-05-21 04:59:14,-31.5889,28.7844,51.91,95,100,4.76
427,Nioro,GM,2022-05-21 04:59:15,13.35,-15.75,74.03,73,54,6.49
428,Tacoronte,ES,2022-05-21 04:57:26,28.4769,-16.4102,63.25,91,100,18.99
429,Ballina,AU,2022-05-21 04:59:15,-28.8667,153.5667,61.79,80,100,13.87
430,Sao Domingos,BR,2022-05-21 04:59:15,-13.3983,-46.3183,58.51,51,81,4.45
431,Talara,PE,2022-05-21 04:59:16,-4.5772,-81.2719,67.39,81,68,10.42
432,Mahanoro,MG,2022-05-21 04:59:16,-19.9,48.8,72.23,71,2,4.9
433,Vestmannaeyjar,IS,2022-05-21 04:59:16,63.4427,-20.2734,48.29,81,96,11.41
434,Viedma,AR,2022-05-21 04:59:17,-40.8135,-62.9967,54.01,50,0,14.27
435,Maloy,NO,2022-05-21 04:59:17,61.9353,5.1136,49.73,95,100,9.1
436,Yar-Sale,RU,2022-05-21 04:59:17,66.8333,70.8333,33.69,83,100,19.44
437,Isla Mujeres,MX,2022-05-21 04:59:18,21.2311,-86.731,82.17,86,37,17.9
438,Mecca,SA,2022-05-21 04:59:18,21.4267,39.8261,100.31,6,1,4.14
439,Peniche,PT,2022-05-21 04:59:18,39.3558,-9.3811,71.29,79,97,8.19
440,High Level,CA,2022-05-21 04:59:19,58.5169,-117.136,51.91,32,20,3.44
441,Sibu,MY,2022-05-21 04:59:19,2.3,111.8167,86.31,70,40,3.44
442,Baghdad,IQ,2022-05-21 04:59:20,33.3406,44.4009,75.11,22,91,14.97
443,Maniitsoq,GL,2022-05-21 04:59:20,65.4167,-52.9,35.19,73,100,5.44
444,Korhogo,CI,2022-05-21 04:59:20,9.45,-5.6333,73.0,89,24,7.07
445,Bafq,IR,2022-05-21 04:59:21,31.6128,55.4107,89.64,9,0,5.35
446,North Platte,US,2022-05-21 04:59:21,41.1239,-100.7654,46.11,60,100,11.99
447,Tuy Hoa,VN,2022-05-21 04:59:21,13.0833,109.3,85.08,69,95,4.23
448,Monduli,TZ,2022-05-21 04:59:22,-3.3,36.45,60.69,85,100,4.43
449,San Patricio,US,2022-05-21 04:59:22,28.017,-97.5169,80.85,81,42,19.13
450,Semey,KZ,2022-05-21 04:59:22,50.4111,80.2275,79.02,22,0,13.42
451,Calama,CL,2022-05-21 04:59:23,-22.4667,-68.9333,45.09,24,0,16.11
452,Kirakira,SB,2022-05-21 04:59:23,-10.4544,161.9205,83.64,72,59,6.4
453,Zacualpan,MX,2022-05-21 04:59:23,21.25,-105.1667,74.07,74,0,3.15
454,Hailun,CN,2022-05-21 04:59:24,47.45,126.9333,71.47,31,30,15.05
455,Dudinka,RU,2022-05-21 04:59:24,69.4058,86.1778,43.63,92,98,11.07
456,Asosa,ET,2022-05-21 04:59:24,10.0667,34.5333,70.56,63,88,3.65
457,Konevo,RU,2022-05-21 05:00:32,62.1215,39.3192,38.59,58,52,6.04
458,Hualmay,PE,2022-05-21 05:00:39,-11.0964,-77.6139,64.11,92,73,8.7
459,Arinos,BR,2022-05-21 05:00:48,-15.9169,-46.1056,50.38,57,16,1.01
460,Armidale,AU,2022-05-21 05:01:08,-30.5167,151.65,52.45,79,100,11.86
461,Tottori,JP,2022-05-21 05:01:15,35.5,134.2333,65.1,72,100,6.11
462,Juneau,US,2022-05-21 05:00:20,58.3019,-134.4197,56.1,57,5,4.72
463,Buin,CL,2022-05-21 05:01:22,-33.7333,-70.75,56.73,73,0,4.09
464,Olivenza,ES,2022-05-21 05:01:29,38.6832,-7.103,72.32,32,100,2.66
465,San Cristobal,VE,2022-05-21 05:01:35,7.7669,-72.225,64.33,89,11,3.24
466,Gualeguaychu,AR,2022-05-21 05:01:42,-33.0094,-58.5172,49.89,90,62,7.92
467,Mitsamiouli,KM,2022-05-21 05:01:46,-11.3847,43.2844,79.88,67,60,4.9
468,Itarema,BR,2022-05-21 05:01:52,-2.9248,-39.9167,75.25,89,60,4.12
469,Diamantino,BR,2022-05-21 05:01:54,-14.4086,-56.4461,55.2,54,68,2.62
470,Campbellton,CA,2022-05-21 05:01:55,48.0075,-66.6727,47.26,93,100,2.37
471,Linfen,CN,2022-05-21 05:01:56,36.0889,111.5189,86.85,22,100,0.69
472,Mujiayingzi,CN,2022-05-21 05:01:57,42.1167,118.7833,88.34,10,45,10.4
473,Moron,AR,2022-05-21 05:00:10,-34.6534,-58.6198,56.01,84,100,6.35
474,Topeka,US,2022-05-21 05:00:51,39.0483,-95.678,61.18,61,0,10.36
475,Chikitigarh,IN,2022-05-21 05:01:58,19.2,84.6167,100.38,40,92,7.63
476,Kaoma,ZM,2022-05-21 05:01:59,-14.7833,24.8,59.68,55,5,2.73
477,Hofn,IS,2022-05-21 05:01:59,64.2539,-15.2082,47.39,95,100,10.87
478,Bandarbeyla,SO,2022-05-21 05:01:59,9.4942,50.8122,88.81,54,74,22.37
479,Bani Walid,LY,2022-05-21 05:02:00,31.7566,13.9942,59.2,70,0,2.35
480,Alta Floresta,BR,2022-05-21 04:57:29,-9.8756,-56.0861,61.9,74,87,2.42
481,Luanda,AO,2022-05-21 05:02:01,-8.8368,13.2343,71.6,88,75,4.61
482,Lasa,IT,2022-05-21 05:02:01,46.6166,10.7002,57.36,79,83,4.99
483,Hoi An,VN,2022-05-21 05:02:01,15.8794,108.335,87.76,78,100,6.22
484,Oranjemund,NA,2022-05-21 05:02:02,-28.55,16.4333,50.32,88,5,4.27
485,Kismayo,SO,2022-05-21 05:02:03,-0.3582,42.5454,81.1,77,62,14.52
486,Puqi,CN,2022-05-21 05:02:03,29.7167,113.8833,75.52,64,96,5.41
487,Fukuma,JP,2022-05-21 05:02:03,33.7667,130.4667,79.16,52,31,10.69
488,Poindimie,NC,2022-05-21 05:02:04,-20.9333,165.3333,78.84,80,31,15.05
489,Ibirapitanga,BR,2022-05-21 05:02:05,-14.1642,-39.3736,58.32,84,12,2.62
490,Carballo,ES,2022-05-21 05:02:05,43.213,-8.691,65.01,94,61,3.51
491,Serenje,ZM,2022-05-21 05:02:05,-13.2325,30.2352,59.05,85,31,1.21
492,Sioux Lookout,CA,2022-05-21 05:02:06,50.1001,-91.917,33.87,93,100,3.44
493,Tornio,FI,2022-05-21 05:02:06,65.8481,24.1466,46.42,72,100,6.64
494,Methoni,GR,2022-05-21 05:02:07,36.8197,21.7049,65.21,48,0,4.09
495,Arequipa,PE,2022-05-21 05:00:30,-16.3989,-71.535,55.81,46,75,0.56
496,Tucupita,VE,2022-05-21 05:02:07,9.0622,-62.051,71.01,93,2,2.51
497,San Carlos,VE,2022-05-21 05:01:31,9.6612,-68.5827,76.98,69,44,3.0
498,Hurricane,US,2022-05-21 05:02:08,37.1753,-113.2899,61.27,21,9,10.07
499,Gobabis,NA,2022-05-21 05:02:08,-22.45,18.9667,34.38,65,0,12.53
500,Bembereke,BJ,2022-05-21 05:03:08,10.2283,2.6634,73.98,81,97,5.64
501,Mandalgovi,MN,2022-05-21 05:03:09,45.7625,106.2708,76.55,15,44,5.91
502,Inzhavino,RU,2022-05-21 05:03:09,52.3185,42.4937,46.6,58,27,5.35
503,Whitianga,NZ,2022-05-21 05:03:10,-36.8333,175.7,58.91,69,39,17.6
504,Gat,IL,2022-05-21 05:03:10,31.61,34.7642,85.78,26,87,16.91
505,Genhe,CN,2022-05-21 05:03:10,50.7833,121.5167,63.72,31,80,7.92
506,Sonoma,US,2022-05-21 05:03:11,38.55,-122.9011,66.6,59,0,3.44
507,Thinadhoo,MV,2022-05-21 05:03:11,0.5333,72.9333,83.17,72,59,8.61
508,Benjamin Constant,BR,2022-05-21 05:03:11,-4.3831,-70.0311,69.93,97,34,1.7
509,Buchanan,LR,2022-05-21 04:59:11,5.8808,-10.0467,76.37,90,100,5.59
510,Erdenet,MN,2022-05-21 05:03:12,49.0333,104.0833,76.95,22,11,9.04
511,Svay Rieng,KH,2022-05-21 05:03:12,11.0879,105.7993,91.13,54,100,12.26
512,Jinka,ET,2022-05-21 05:03:12,5.65,36.65,67.03,80,73,3.18
513,Iskateley,RU,2022-05-21 05:03:13,67.6803,53.1512,30.18,76,100,12.95
514,Manacapuru,BR,2022-05-21 05:03:13,-3.2997,-60.6206,72.57,83,96,0.43
515,Natal,BR,2022-05-21 05:03:14,-5.795,-35.2094,75.85,100,40,6.91
516,Nisia Floresta,BR,2022-05-21 05:03:14,-6.0911,-35.2086,76.01,94,27,6.04
517,Koungou,YT,2022-05-21 05:03:14,-12.7336,45.2042,80.31,78,75,10.36
518,Padang,ID,2022-05-21 05:00:35,-0.9492,100.3543,86.05,64,96,5.7
519,Puerto Madryn,AR,2022-05-21 05:03:15,-42.7692,-65.0385,54.46,51,0,11.5
520,Shenjiamen,CN,2022-05-21 05:03:15,29.9576,122.298,66.15,85,99,9.24
521,Belmonte,BR,2022-05-21 05:03:16,-15.8631,-38.8828,68.81,70,13,5.55
522,Belyy Yar,RU,2022-05-21 05:03:16,53.6039,91.3903,76.89,27,0,13.42
523,La Primavera,CO,2022-05-21 05:03:16,5.4906,-70.4092,72.79,92,96,5.79
524,Port Hedland,AU,2022-05-21 05:03:17,-20.3167,118.5667,89.65,43,40,10.36
525,Aksarka,RU,2022-05-21 05:03:17,66.5606,67.7975,33.24,87,99,20.45
526,Caravelas,BR,2022-05-21 05:03:17,-17.7125,-39.2481,67.68,73,0,3.0
527,Porto Santo,PT,2022-05-21 05:03:18,33.072,-16.3415,64.78,77,40,12.66
528,Prince Rupert,CA,2022-05-21 05:03:18,54.3161,-130.3201,49.26,87,9,2.19
529,Jalu,LY,2022-05-21 05:03:18,29.0331,21.5482,64.06,43,0,6.8
530,Simao,CN,2022-05-21 05:03:19,22.7886,100.9748,65.05,99,100,0.16
531,Galmaarden,BE,2022-05-21 05:03:19,50.7517,3.9933,54.28,92,55,1.99
532,Mizan Teferi,ET,2022-05-21 05:03:19,6.9833,35.5833,67.39,85,60,2.15
533,Yabelo,ET,2022-05-21 05:03:20,4.8833,38.0833,60.73,81,91,10.42
534,Tual,ID,2022-05-21 05:03:20,-5.6667,132.75,84.49,69,41,19.04
535,Grand Gaube,MU,2022-05-21 05:03:20,-20.0064,57.6608,78.39,63,53,8.99
536,Porto Novo,BJ,2022-05-21 05:03:21,6.4965,2.6036,78.13,87,100,5.75
537,Olafsvik,IS,2022-05-21 05:03:21,64.8945,-23.7142,45.64,88,97,11.03
538,Alugan,PH,2022-05-21 05:03:21,12.2188,125.4808,84.42,74,100,11.63
539,Evensk,RU,2022-05-21 05:03:21,61.95,159.2333,43.86,73,91,1.16
540,Praia,CV,2022-05-21 05:03:22,14.9215,-23.5087,69.69,86,69,11.99
541,Medvezhyegorsk,RU,2022-05-21 05:03:22,62.9167,34.4667,39.97,53,87,5.73
542,New Ulm,US,2022-05-21 05:03:52,44.3125,-94.4605,47.43,67,100,20.71
543,Khani,GE,2022-05-21 05:04:23,41.9563,42.9566,45.97,96,100,2.13
544,Lodja,CD,2022-05-21 05:04:23,-3.4833,23.4333,71.01,92,98,1.39
545,Ibra,OM,2022-05-21 05:02:24,22.6906,58.5334,94.44,23,30,2.62
546,Makinsk,KZ,2022-05-21 05:04:23,52.6292,70.4169,75.18,28,62,19.82
547,Jawar,IN,2022-05-21 05:04:24,23.0,76.5,95.13,29,0,17.02
548,Cayenne,GF,2022-05-21 05:00:08,4.9333,-52.3333,74.08,1,100,0.0
549,Bhag,PK,2022-05-21 05:04:24,29.0415,67.8239,104.34,4,0,6.89
550,Dwarka,IN,2022-05-21 05:04:25,22.2394,68.9678,84.83,74,1,20.56
551,Tonantins,BR,2022-05-21 05:04:25,-2.8731,-67.8022,69.91,91,69,0.96
552,Bati,ET,2022-05-21 05:04:25,11.1833,40.0167,78.01,18,87,0.34
553,Cukai,MY,2022-05-21 05:04:26,4.25,103.4167,88.59,63,77,6.76
554,Paranaiba,BR,2022-05-21 05:04:26,-19.6772,-51.1908,50.36,63,0,3.13
555,Apatou,GF,2022-05-21 05:04:26,5.155,-54.3472,72.82,100,100,2.8
556,Taonan,CN,2022-05-21 05:04:27,45.3333,122.7833,82.72,17,29,3.98
557,Rassvet,RU,2022-05-21 05:04:27,46.8333,40.75,58.33,87,100,24.61
